"Test Pack Please Ignore",326
"Reddit Pack",228
"FeedThe/R/eddit",189
"Hivemind Pack",90
"/r/pack",79
"Bacon Pack",45
"Euphoria Pack",36
"The Safe",30
"Orangered/Periwinkle Pack",23
"Upboats Pack",11
"/r/FeedTheBeast",2
"FeedTheSnoo",2
"/r/epack",2
"Feed The Snoo",2
"The Reddit Pack",1
"Feed the Redditor",1
"Zenith - the time when something is most powerful",1
"Banana for scale pack",1
"feed the trolls",1
"I like the hivemind idea, but how about just calling it: "The Hivemind"",1
"who cares",1
"Energized",1
"Overcharged",1
"Wanted Pack",1
"/r/eddit Pack",1
"r/feedthebeast",1
"Kitty Cat Pack",1
"Narwhal pack",1
"MindCrack",1
"UpvoteTheBeast",1
"/r/FTB",1
"Hitler did nothing wrong",1
"IDontCareJustMakeItHappenPlease",1
"too many pack",1
"give me my damn karma",1
"idk",1
"Snoo pack",1
"snoocraft",1
"Feed The Snoo (Snoo is the Reddit alien's name)",1
"Spacedicks",1
"Craftit",1
"FTB Delirium",1
"/r/Feedthebeast World",1
"Feed The Reddit Beasts",1
"");DROP TABLE packs;--",1
"The Beast",1
"The Narwhal",1
"/r/",1
"FeedTheReddit",1
"who gives a shit",1
"FTB: The Beginning",1
"Ultimate",1
"Karma",1
"Banana Scale",1
"Resonant Rise",1
"All-In-One",1
"Banana for Scale Pack",1
"FT/R/",1
"too many cooks pack",1
