/r/FTB Mod-Pack Poll Responses,
418,Responses
,
Mod Pack Name,
,
105,Test Pack Please Ignore
83,Reddit Pack
77,FeedThe/R/eddit
49,Hivemind Pack
28,/r/Pack
20,Other
16,Bacon Pack
15,Euphoria Pack
14,The Safe
9,Orangered/Periwinkle Pack
3,Upboats Pack
,
Pack Difficuly Level,
,
244,Normal-Hard
86,Easy-Normal
54,Hard-Nightmare
5,Easy-Peasy
,
Ore Generation,
,
197,Medium Increase
98,Default
90,Heavy Increase
4,Other
,
Technical v. Fantasy,
,
254,Evenly Weighted
123,More Tech.
8,More Magical
4,N/A
,
Gregtech,
,
205,Include/Option
98,Include/Default
84,Excluded
,
Gregtech Difficuly Level,
,
162,Medium
111,Easy
79,Hard
9,Other
,
Rotarycraft,
,
192,Option
141,Default
49,Excluded
,
Dartcraft,
125,Option
107,Included-Similar to Unleashed
87,Excluded
72,Included-Heavy Nerf
,
Minimap,
,
214,Zan's/Voxelmap
113,Mapwriter
42,Other
7,None
